{
 "templeR0013": [
  [
   0.9999999980543895,
   -6.182408923004243e-05,
   -8.30679694499876e-06,
   1.0917388868129552e-06
  ],
  [
   6.182388402307383e-05,
   0.9999999977838219,
   -2.470148720388322e-05,
   -1.9898691780104033e-06
  ],
  [
   8.308324073554515e-06,
   2.470097359736741e-05,
   0.9999999996604169,
   -1.149291162313154e-05
  ]
 ],
 "templeR0042": [
  [
   -0.9998470379537027,
   -0.00919206363630977,
   0.014879739961207939,
   0.018591536610783655
  ],
  [
   0.01013038339451111,
   -0.9978814593928896,
   0.06426482966753219,
   -0.9990698770101091
  ],
  [
   0.014257490223996312,
   0.06440573705829897,
   0.9978219405317214,
   0.03903046339905361
  ]
 ],
 "templeR0044": [
  [
   -0.9991478394422204,
   -0.04042209785941059,
   0.008345594202165447,
   0.09286156486635513
  ],
  [
   0.04067223467722726,
   -0.9298103170401097,
   0.3657848324522645,
   -4.520637363385652
  ],
  [
   -0.007025970701869989,
   0.3658125590113261,
   0.9306620264119954,
   0.7137085921274391
  ]
 ],
 "templeR0032": [
  [
   -0.9846087680463118,
   0.06666050050947163,
   0.1615609840219813,
   -1.616430785071015
  ],
  [
   0.08058719270722613,
   -0.6471098882614195,
   0.7581256471626991,
   -9.073945833588098
  ],
  [
   0.15508474540680192,
   0.7594769056305266,
   0.6317780872711454,
   4.028341989856619
  ]
 ],
 "templeR0034": [
  [
   -0.982552034831424,
   0.0637831666983866,
   0.17470891933314162,
   -1.7693535014128954
  ],
  [
   0.11242098044111057,
   -0.5446535873526892,
   0.8310920484161222,
   -9.963193883813638
  ],
  [
   0.14816552232313626,
   0.8362321313067158,
   0.5279799243957476,
   5.167143349453473
  ]
 ],
 "templeR0036": [
  [
   -0.9840922105864301,
   0.018272191395918166,
   0.1767162926407863,
   -1.8161414076458584
  ],
  [
   0.1583735355796787,
   -0.3604898334563059,
   0.9192197252031948,
   -11.006197975038893
  ],
  [
   0.08050058565690899,
   0.9325841554499175,
   0.3518614055457904,
   7.3698808590275044
  ]
 ],
 "templeR0038": [
  [
   -0.9809971801971138,
   -0.005792287316074882,
   0.1939355095204578,
   -2.032167015058298
  ],
  [
   0.1934441754424462,
   -0.10628362795400259,
   0.9753374500224662,
   -11.635250334386487
  ],
  [
   0.014962734800284275,
   0.9943189829408784,
   0.1053844235677791,
   10.27269276374526
  ]
 ],
 "templeR0015": [
  [
   0.9991063465078631,
   -0.04148237898577447,
   -0.008106824371497583,
   0.0878129038572086
  ],
  [
   0.04197582445642412,
   0.9513208758325873,
   0.30533034792880065,
   -3.5868480540074863
  ],
  [
   -0.004953637947326853,
   -0.3053977790338358,
   0.9522119816680985,
   0.5016801102203942
  ]
 ],
 "templeR0017": [
  [
   0.9965879213553279,
   -0.08010598222886607,
   -0.019888353873947117,
   0.22417242706732066
  ],
  [
   0.07769842677218379,
   0.8292144121815482,
   0.5535037606986398,
   -6.518660278074742
  ],
  [
   -0.027847252751292097,
   -0.5531604561441085,
   0.8326091761881126,
   1.8570665659390473
  ]
 ],
 "templeR0019": [
  [
   0.9880820069990339,
   -0.15361376357787146,
   -0.009836619551608583,
   0.1271660589531521
  ],
  [
   0.10792379627561323,
   0.6457922703001532,
   0.7558470730366256,
   -8.919714117015827
  ],
  [
   -0.10975610070616217,
   -0.7479004982349029,
   0.6546743030681463,
   3.8636305915823748
  ]
 ],
 "templeR0021": [
  [
   0.9870198837518441,
   -0.14901984194460746,
   -0.05987349818826482,
   0.7003196143749515
  ],
  [
   0.12336407923571732,
   0.4648215022122212,
   0.8767680850917747,
   -10.39195213767369
  ],
  [
   -0.10282535209188248,
   -0.8727737723992273,
   0.47717176066821276,
   5.990158118894315
  ]
 ]
}